BRAND,LIFESTAGE,PREMIUM_CUSTOMER,TOTAL_SALES,TOTAL_UNITS,UNIQUE_CUSTOMERS,TRANSACTIONS,BRAND_TOTAL_SALES,SEG_SHARE_OF_BRAND,AVG_SPEND_PER_CUSTOMER
Burger,MIDAGE SINGLES/COUPLES,Budget,193.2,84,43,43,6830.999999999999,0.028282828282828285,4.493023255813953
Burger,MIDAGE SINGLES/COUPLES,Mainstream,211.6,92,48,48,6830.999999999999,0.03097643097643098,4.408333333333333
Burger,MIDAGE SINGLES/COUPLES,Premium,255.29999999999998,111,60,61,6830.999999999999,0.03737373737373738,4.255
Burger,NEW FAMILIES,Budget,69.0,30,18,18,6830.999999999999,0.010101010101010102,3.8333333333333335
Burger,NEW FAMILIES,Mainstream,62.099999999999994,27,13,14,6830.999999999999,0.00909090909090909,4.776923076923077
Burger,NEW FAMILIES,Premium,29.9,13,8,8,6830.999999999999,0.004377104377104378,3.7375
Burger,OLDER FAMILIES,Budget,692.3,301,152,159,6830.999999999999,0.10134680134680135,4.554605263157894
Burger,OLDER FAMILIES,Mainstream,556.5999999999999,242,117,123,6830.999999999999,0.08148148148148147,4.757264957264956
Burger,OLDER FAMILIES,Premium,317.4,138,67,71,6830.999999999999,0.046464646464646465,4.737313432835821
Burger,OLDER SINGLES/COUPLES,Budget,480.7,209,108,110,6830.999999999999,0.07037037037037037,4.450925925925926
Burger,OLDER SINGLES/COUPLES,Mainstream,397.9,173,93,93,6830.999999999999,0.05824915824915825,4.278494623655914
Burger,OLDER SINGLES/COUPLES,Premium,393.29999999999995,171,87,89,6830.999999999999,0.05757575757575758,4.520689655172413
Burger,RETIREES,Budget,296.7,129,66,66,6830.999999999999,0.043434343434343436,4.495454545454545
Burger,RETIREES,Mainstream,524.4,228,120,122,6830.999999999999,0.07676767676767678,4.37
Burger,RETIREES,Premium,310.5,135,66,68,6830.999999999999,0.04545454545454546,4.704545454545454
Burger,YOUNG FAMILIES,Budget,554.3,241,116,124,6830.999999999999,0.08114478114478114,4.778448275862068
Burger,YOUNG FAMILIES,Mainstream,395.59999999999997,172,83,86,6830.999999999999,0.057912457912457915,4.766265060240963
Burger,YOUNG FAMILIES,Premium,370.29999999999995,161,81,83,6830.999999999999,0.054208754208754206,4.571604938271604
Burger,YOUNG SINGLES/COUPLES,Budget,241.49999999999997,105,58,59,6830.999999999999,0.03535353535353535,4.163793103448276
Burger,YOUNG SINGLES/COUPLES,Mainstream,243.79999999999998,106,60,62,6830.999999999999,0.035690235690235696,4.0633333333333335
Burger,YOUNG SINGLES/COUPLES,Premium,234.6,102,55,57,6830.999999999999,0.03434343434343435,4.265454545454546
Ccs,MIDAGE SINGLES/COUPLES,Budget,430.5,205,103,112,18078.9,0.02381228946451388,4.179611650485437
Ccs,MIDAGE SINGLES/COUPLES,Mainstream,642.6,306,147,159,18078.9,0.035544197932396326,4.371428571428572
Ccs,MIDAGE SINGLES/COUPLES,Premium,644.7,307,155,162,18078.9,0.035660355441979326,4.159354838709678
Ccs,NEW FAMILIES,Budget,163.8,78,42,44,18078.9,0.009060285747473574,3.9000000000000004
Ccs,NEW FAMILIES,Mainstream,100.80000000000001,48,24,26,18078.9,0.005575560459983738,4.2
Ccs,NEW FAMILIES,Premium,88.2,42,23,23,18078.9,0.004878615402485771,3.8347826086956522
Ccs,OLDER FAMILIES,Budget,1852.2,882,408,451,18078.9,0.10245092345220118,4.5397058823529415
Ccs,OLDER FAMILIES,Mainstream,1106.7,527,254,273,18078.9,0.06121500755023812,4.3570866141732285
Ccs,OLDER FAMILIES,Premium,871.5,415,203,217,18078.9,0.04820536647694273,4.293103448275862
Ccs,OLDER SINGLES/COUPLES,Budget,1020.6,486,243,256,18078.9,0.056452549657335344,4.2
Ccs,OLDER SINGLES/COUPLES,Mainstream,1341.9,639,318,336,18078.9,0.0742246486235335,4.219811320754717
Ccs,OLDER SINGLES/COUPLES,Premium,1022.7,487,242,259,18078.9,0.056568707166918336,4.2260330578512395
Ccs,RETIREES,Budget,779.1,371,189,200,18078.9,0.04309443605529097,4.122222222222223
Ccs,RETIREES,Mainstream,1400.7,667,333,355,18078.9,0.07747705889185735,4.206306306306306
Ccs,RETIREES,Premium,753.9,359,176,185,18078.9,0.041700545940295035,4.283522727272727
Ccs,YOUNG FAMILIES,Budget,1612.8,768,366,397,18078.9,0.0892089673597398,4.406557377049181
Ccs,YOUNG FAMILIES,Mainstream,1064.7,507,234,260,18078.9,0.05889185735857823,4.55
Ccs,YOUNG FAMILIES,Premium,968.1,461,223,240,18078.9,0.05354861191776048,4.341255605381166
Ccs,YOUNG SINGLES/COUPLES,Budget,798.0,380,206,218,18078.9,0.04413985364153792,3.8737864077669903
Ccs,YOUNG SINGLES/COUPLES,Mainstream,850.5,405,211,222,18078.9,0.04704379138111278,4.030805687203792
Ccs,YOUNG SINGLES/COUPLES,Premium,564.9,269,146,154,18078.9,0.031246370077825526,3.8691780821917807
Cheetos,MIDAGE SINGLES/COUPLES,Budget,337.59999999999997,112,57,61,16884.5,0.019994669667446473,5.922807017543859
Cheetos,MIDAGE SINGLES/COUPLES,Mainstream,665.5,215,110,115,16884.5,0.039414847937457434,6.05
Cheetos,MIDAGE SINGLES/COUPLES,Premium,496.59999999999997,162,84,89,16884.5,0.029411590512008052,5.911904761904761
Cheetos,NEW FAMILIES,Budget,132.9,43,26,26,16884.5,0.007871124404039209,5.111538461538462
Cheetos,NEW FAMILIES,Mainstream,98.1,32,18,18,16884.5,0.005810062483342711,5.449999999999999
Cheetos,NEW FAMILIES,Premium,94.3,31,18,18,16884.5,0.005585003997749415,5.238888888888889
Cheetos,OLDER FAMILIES,Budget,1687.3999999999999,548,269,281,16884.5,0.09993781278687552,6.272862453531598
Cheetos,OLDER FAMILIES,Mainstream,1162.7,384,183,195,16884.5,0.06886197399982233,6.353551912568307
Cheetos,OLDER FAMILIES,Premium,836.0999999999999,277,130,139,16884.5,0.04951878942225117,6.4315384615384605
Cheetos,OLDER SINGLES/COUPLES,Budget,1113.2,364,182,191,16884.5,0.06593029109538334,6.116483516483517
Cheetos,OLDER SINGLES/COUPLES,Mainstream,1136.7,369,191,198,16884.5,0.06732210015102609,5.951308900523561
Cheetos,OLDER SINGLES/COUPLES,Premium,1140.7,369,186,191,16884.5,0.06755900382007167,6.132795698924731
Cheetos,RETIREES,Budget,877.1999999999999,289,151,156,16884.5,0.05195297462169445,5.809271523178808
Cheetos,RETIREES,Mainstream,1337.8,441,226,236,16884.5,0.07923243211229233,5.919469026548672
Cheetos,RETIREES,Premium,570.5,190,95,99,16884.5,0.03378838579762504,6.005263157894737
Cheetos,YOUNG FAMILIES,Budget,1296.3999999999999,423,211,218,16884.5,0.07678047913767064,6.144075829383886
Cheetos,YOUNG FAMILIES,Mainstream,1074.5,355,174,183,16884.5,0.06363824809736741,6.175287356321839
Cheetos,YOUNG FAMILIES,Premium,890.3,291,145,149,16884.5,0.05272883413781871,6.14
Cheetos,YOUNG SINGLES/COUPLES,Budget,626.9,208,117,118,16884.5,0.03712872753116764,5.358119658119658
Cheetos,YOUNG SINGLES/COUPLES,Mainstream,898.8,291,161,166,16884.5,0.05323225443454055,5.582608695652174
Cheetos,YOUNG SINGLES/COUPLES,Premium,410.29999999999995,136,79,80,16884.5,0.024300393852349784,5.193670886075949
Cheezels,MIDAGE SINGLES/COUPLES,Budget,612.3000000000001,139,71,74,40029.9,0.015296066190522586,8.623943661971833
Cheezels,MIDAGE SINGLES/COUPLES,Mainstream,2154.9,421,208,221,40029.9,0.053832260385361944,10.360096153846154
Cheezels,MIDAGE SINGLES/COUPLES,Premium,1313.4,286,143,148,40029.9,0.03281047417055751,9.184615384615386
Cheezels,NEW FAMILIES,Budget,360.6,86,46,46,40029.9,0.009008266320925109,7.839130434782609
Cheezels,NEW FAMILIES,Mainstream,343.8,78,43,43,40029.9,0.008588580036422775,7.995348837209303
Cheezels,NEW FAMILIES,Premium,293.7,73,37,40,40029.9,0.007337015580853311,7.937837837837837
Cheezels,OLDER FAMILIES,Budget,3723.0,842,401,426,40029.9,0.09300547840489234,9.28428927680798
Cheezels,OLDER FAMILIES,Mainstream,1806.9,413,202,214,40029.9,0.045138758777813585,8.945049504950495
Cheezels,OLDER FAMILIES,Premium,1473.0,338,164,172,40029.9,0.03679749387332969,8.981707317073171
Cheezels,OLDER SINGLES/COUPLES,Budget,2813.1,611,314,323,40029.9,0.0702749694603284,8.958917197452228
Cheezels,OLDER SINGLES/COUPLES,Mainstream,2438.4,556,291,301,40029.9,0.060914466436338834,8.37938144329897
Cheezels,OLDER SINGLES/COUPLES,Premium,3058.5,649,322,342,40029.9,0.0764053869732375,9.498447204968944
Cheezels,RETIREES,Budget,2388.9,493,259,264,40029.9,0.05967789077664446,9.223552123552125
Cheezels,RETIREES,Mainstream,3294.0,720,369,382,40029.9,0.08228848935420773,8.926829268292684
Cheezels,RETIREES,Premium,1878.9,413,217,221,40029.9,0.04693741428282359,8.65852534562212
Cheezels,YOUNG FAMILIES,Budget,2943.0,642,315,335,40029.9,0.07352004376728395,9.342857142857143
Cheezels,YOUNG FAMILIES,Mainstream,1947.0,442,216,228,40029.9,0.04863864261464555,9.01388888888889
Cheezels,YOUNG FAMILIES,Premium,1869.0,410,201,208,40029.9,0.04669009915088471,9.298507462686567
Cheezels,YOUNG SINGLES/COUPLES,Budget,1143.0,282,149,157,40029.9,0.02855365614203383,7.671140939597316
Cheezels,YOUNG SINGLES/COUPLES,Mainstream,3318.3,651,336,346,40029.9,0.08289553558714861,9.875892857142858
Cheezels,YOUNG SINGLES/COUPLES,Premium,856.2,202,110,111,40029.9,0.021389011713743977,7.783636363636364
Cobs,MIDAGE SINGLES/COUPLES,Budget,1311.0,345,166,180,70569.79999999999,0.018577351785041198,7.897590361445783
Cobs,MIDAGE SINGLES/COUPLES,Mainstream,3613.7999999999997,951,464,495,70569.79999999999,0.05120887405093964,7.788362068965517
Cobs,MIDAGE SINGLES/COUPLES,Premium,2071.0,545,264,286,70569.79999999999,0.029346831080717253,7.84469696969697
Cobs,NEW FAMILIES,Budget,877.8,231,118,124,70569.79999999999,0.012438748586505843,7.438983050847457
Cobs,NEW FAMILIES,Mainstream,699.1999999999999,184,92,96,70569.79999999999,0.00990792095202197,7.6
Cobs,NEW FAMILIES,Premium,482.59999999999997,127,64,68,70569.79999999999,0.006838619352754295,7.5406249999999995
Cobs,OLDER FAMILIES,Budget,5658.2,1489,687,760,70569.79999999999,0.08017877335630823,8.236098981077147
Cobs,OLDER FAMILIES,Mainstream,3727.7999999999997,981,436,504,70569.79999999999,0.05282429594529105,8.549999999999999
Cobs,OLDER FAMILIES,Premium,2641.0,695,331,359,70569.79999999999,0.03742394055247429,7.978851963746224
Cobs,OLDER SINGLES/COUPLES,Budget,5080.599999999999,1337,659,706,70569.79999999999,0.07199396909159443,7.709559939301972
Cobs,OLDER SINGLES/COUPLES,Mainstream,5118.599999999999,1347,647,699,70569.79999999999,0.07253244305637822,7.911282843894899
Cobs,OLDER SINGLES/COUPLES,Premium,4613.2,1214,588,631,70569.79999999999,0.06537073932475365,7.845578231292516
Cobs,RETIREES,Budget,4343.4,1143,570,602,70569.79999999999,0.061547574174788656,7.619999999999999
Cobs,RETIREES,Mainstream,5654.4,1488,724,776,70569.79999999999,0.08012492595982985,7.809944751381215
Cobs,RETIREES,Premium,3689.7999999999997,971,464,506,70569.79999999999,0.05228582198050725,7.952155172413793
Cobs,YOUNG FAMILIES,Budget,4503.0,1185,546,612,70569.79999999999,0.06380916482688063,8.247252747252746
Cobs,YOUNG FAMILIES,Mainstream,3404.7999999999997,896,416,454,70569.79999999999,0.04824726724462872,8.184615384615384
Cobs,YOUNG FAMILIES,Premium,3233.7999999999997,851,399,438,70569.79999999999,0.04582413440310162,8.104761904761904
Cobs,YOUNG SINGLES/COUPLES,Budget,2006.3999999999999,528,281,290,70569.79999999999,0.028431425340584786,7.140213523131672
Cobs,YOUNG SINGLES/COUPLES,Mainstream,6144.599999999999,1617,822,864,70569.79999999999,0.0870712401055409,7.475182481751824
Cobs,YOUNG SINGLES/COUPLES,Premium,1694.8,446,226,242,70569.79999999999,0.024015938829357604,7.499115044247787
Doritos,MIDAGE SINGLES/COUPLES,Budget,4553.6,1023,443,532,241890.90000000002,0.018825015740567337,10.27900677200903
Doritos,MIDAGE SINGLES/COUPLES,Mainstream,11117.65,2465,1070,1291,241890.90000000002,0.045961423104383003,10.390327102803738
Doritos,MIDAGE SINGLES/COUPLES,Premium,7054.35,1590,690,836,241890.90000000002,0.0291633542229162,10.223695652173914
Doritos,NEW FAMILIES,Budget,2934.85,643,301,342,241890.90000000002,0.012132949193210656,9.75033222591362
Doritos,NEW FAMILIES,Mainstream,2371.7000000000003,523,231,274,241890.90000000002,0.009804833501384303,10.267099567099569
Doritos,NEW FAMILIES,Premium,1387.0,313,144,166,241890.90000000002,0.005733989993009244,9.631944444444445
Doritos,OLDER FAMILIES,Budget,20164.95,4572,1796,2347,241890.90000000002,0.08336382228517071,11.2277004454343
Doritos,OLDER FAMILIES,Mainstream,12477.75,2822,1090,1449,241890.90000000002,0.05158420593747015,11.447477064220184
Doritos,OLDER FAMILIES,Premium,10480.2,2477,815,1066,241890.90000000002,0.04332614414184246,12.85914110429448
Doritos,OLDER SINGLES/COUPLES,Budget,16794.600000000002,3755,1564,1952,241890.90000000002,0.06943047464786811,10.738235294117649
Doritos,OLDER SINGLES/COUPLES,Mainstream,17292.600000000002,3870,1589,2008,241890.90000000002,0.07148925403973444,10.88269351793581
Doritos,OLDER SINGLES/COUPLES,Premium,16898.25,3758,1564,1957,241890.90000000002,0.06985897361165715,10.804507672634271
Doritos,RETIREES,Budget,14951.6,3327,1407,1739,241890.90000000002,0.06181133725989692,10.626581378820186
Doritos,RETIREES,Mainstream,19646.95,4403,1936,2319,241890.90000000002,0.08122236099001656,10.148217975206611
Doritos,RETIREES,Premium,12173.85,2659,1184,1409,241890.90000000002,0.050327854417011965,10.281967905405406
Doritos,YOUNG FAMILIES,Budget,17214.25,3879,1509,1996,241890.90000000002,0.07116534768360445,11.407720344599072
Doritos,YOUNG FAMILIES,Mainstream,11026.35,2527,1000,1307,241890.90000000002,0.045583980215874176,11.02635
Doritos,YOUNG FAMILIES,Premium,9691.1,2172,854,1126,241890.90000000002,0.04006392964762213,11.347892271662763
Doritos,YOUNG SINGLES/COUPLES,Budget,7347.400000000001,1652,789,899,241890.90000000002,0.030374850810840754,9.312294043092523
Doritos,YOUNG SINGLES/COUPLES,Mainstream,21705.9,4747,2167,2540,241890.90000000002,0.08973425622873783,10.016566682048916
Doritos,YOUNG SINGLES/COUPLES,Premium,4606.0,1039,499,570,241890.90000000002,0.019041642327181384,9.230460921843687
French,MIDAGE SINGLES/COUPLES,Budget,153.0,51,25,26,7929.0,0.019296254256526674,6.12
French,MIDAGE SINGLES/COUPLES,Mainstream,243.0,81,42,43,7929.0,0.03064699205448354,5.785714285714286
French,MIDAGE SINGLES/COUPLES,Premium,258.0,86,48,48,7929.0,0.03253878168747635,5.375
French,NEW FAMILIES,Budget,81.0,27,14,14,7929.0,0.01021566401816118,5.785714285714286
French,NEW FAMILIES,Mainstream,72.0,24,15,15,7929.0,0.009080590238365494,4.8
French,NEW FAMILIES,Premium,15.0,5,3,3,7929.0,0.0018917896329928112,5.0
French,OLDER FAMILIES,Budget,828.0,276,138,142,7929.0,0.10442678774120318,6.0
French,OLDER FAMILIES,Mainstream,474.0,158,79,82,7929.0,0.05978055240257284,6.0
French,OLDER FAMILIES,Premium,330.0,110,58,59,7929.0,0.04161937192584184,5.689655172413793
French,OLDER SINGLES/COUPLES,Budget,471.0,157,87,87,7929.0,0.05940219447597427,5.413793103448276
French,OLDER SINGLES/COUPLES,Mainstream,567.0,189,102,104,7929.0,0.07150964812712826,5.5588235294117645
French,OLDER SINGLES/COUPLES,Premium,528.0,176,92,95,7929.0,0.06659099508134696,5.739130434782608
French,RETIREES,Budget,420.0,140,74,76,7929.0,0.05297010972379872,5.675675675675675
French,RETIREES,Mainstream,531.0,177,96,96,7929.0,0.06696935300794551,5.53125
French,RETIREES,Premium,318.0,106,54,56,7929.0,0.0401059402194476,5.888888888888889
French,YOUNG FAMILIES,Budget,726.0,242,118,123,7929.0,0.09156261823685206,6.1525423728813555
French,YOUNG FAMILIES,Mainstream,513.0,171,83,89,7929.0,0.06469920544835414,6.180722891566265
French,YOUNG FAMILIES,Premium,384.0,128,64,66,7929.0,0.04842981460461597,6.0
French,YOUNG SINGLES/COUPLES,Budget,363.0,121,71,71,7929.0,0.04578130911842603,5.112676056338028
French,YOUNG SINGLES/COUPLES,Mainstream,429.0,143,76,78,7929.0,0.0541051835035944,5.644736842105263
French,YOUNG SINGLES/COUPLES,Premium,225.0,75,42,45,7929.0,0.028376844494892167,5.357142857142857
Grain,MIDAGE SINGLES/COUPLES,Budget,716.4,199,101,106,43048.8,0.016641578859341026,7.093069306930693
Grain,MIDAGE SINGLES/COUPLES,Mainstream,2116.8,588,291,307,43048.8,0.04917210235825389,7.274226804123712
Grain,MIDAGE SINGLES/COUPLES,Premium,1386.0,385,186,200,43048.8,0.03219601940123766,7.451612903225806
Grain,NEW FAMILIES,Budget,468.0,130,65,68,43048.8,0.010871383174443887,7.2
Grain,NEW FAMILIES,Mainstream,414.0,115,59,61,43048.8,0.0096169928081619,7.016949152542373
Grain,NEW FAMILIES,Premium,374.40000000000003,104,50,54,43048.8,0.00869710653955511,7.488
Grain,OLDER FAMILIES,Budget,3510.0,975,469,505,43048.8,0.08153537380832915,7.484008528784648
Grain,OLDER FAMILIES,Mainstream,2419.2000000000003,675,313,345,43048.8,0.05619668840943302,7.729073482428116
Grain,OLDER FAMILIES,Premium,1623.6000000000001,451,224,240,43048.8,0.03771533701287841,7.248214285714286
Grain,OLDER SINGLES/COUPLES,Budget,3038.4,844,415,438,43048.8,0.07058036460946647,7.32144578313253
Grain,OLDER SINGLES/COUPLES,Mainstream,2908.8,808,401,424,43048.8,0.06756982773038969,7.253865336658355
Grain,OLDER SINGLES/COUPLES,Premium,3081.6,856,417,449,43048.8,0.07158387690249204,7.3899280575539565
Grain,RETIREES,Budget,2462.4,684,337,359,43048.8,0.057200200702458605,7.306824925816024
Grain,RETIREES,Mainstream,3704.4,1029,513,540,43048.8,0.08605117912694431,7.221052631578948
Grain,RETIREES,Premium,2188.8,609,299,315,43048.8,0.05084462284662987,7.320401337792643
Grain,YOUNG FAMILIES,Budget,3038.4,844,411,439,43048.8,0.07058036460946647,7.392700729927007
Grain,YOUNG FAMILIES,Mainstream,1846.8,513,258,263,43048.8,0.04290015052684395,7.158139534883721
Grain,YOUNG FAMILIES,Premium,1724.4,479,232,245,43048.8,0.040056865696604785,7.432758620689656
Grain,YOUNG SINGLES/COUPLES,Budget,1324.8,368,191,198,43048.8,0.030774376986118075,6.936125654450262
Grain,YOUNG SINGLES/COUPLES,Mainstream,3798.0,1055,555,576,43048.8,0.08822545576183308,6.8432432432432435
Grain,YOUNG SINGLES/COUPLES,Premium,903.6,251,134,139,43048.8,0.020990132129118582,6.7432835820895525
Grnwves,MIDAGE SINGLES/COUPLES,Budget,164.3,53,25,26,8568.4,0.01917510853835022,6.572
Grnwves,MIDAGE SINGLES/COUPLES,Mainstream,279.0,90,47,48,8568.4,0.03256150506512301,5.9361702127659575
Grnwves,MIDAGE SINGLES/COUPLES,Premium,257.3,83,45,45,8568.4,0.03002894356005789,5.717777777777778
Grnwves,NEW FAMILIES,Budget,80.60000000000001,26,14,14,8568.4,0.009406657018813316,5.757142857142858
Grnwves,NEW FAMILIES,Mainstream,49.6,16,9,9,8568.4,0.0057887120115774245,5.511111111111111
Grnwves,NEW FAMILIES,Premium,37.2,12,7,7,8568.4,0.004341534008683068,5.314285714285715
Grnwves,OLDER FAMILIES,Budget,995.1,321,161,166,8568.4,0.11613603473227208,6.180745341614907
Grnwves,OLDER FAMILIES,Mainstream,585.9,189,93,99,8568.4,0.06837916063675832,6.3
Grnwves,OLDER FAMILIES,Premium,449.5,145,72,74,8568.4,0.05246020260492041,6.243055555555555
Grnwves,OLDER SINGLES/COUPLES,Budget,620.0,200,104,104,8568.4,0.0723589001447178,5.961538461538462
Grnwves,OLDER SINGLES/COUPLES,Mainstream,592.1,191,100,100,8568.4,0.06910274963820551,5.921
Grnwves,OLDER SINGLES/COUPLES,Premium,511.5,165,86,88,8568.4,0.05969609261939219,5.9476744186046515
Grnwves,RETIREES,Budget,344.1,111,62,62,8568.4,0.04015918958031838,5.550000000000001
Grnwves,RETIREES,Mainstream,709.9,229,125,127,8568.4,0.08285094066570188,5.6792
Grnwves,RETIREES,Premium,353.40000000000003,114,62,63,8568.4,0.041244573082489154,5.7
Grnwves,YOUNG FAMILIES,Budget,765.7,247,123,125,8568.4,0.08936324167872649,6.225203252032521
Grnwves,YOUNG FAMILIES,Mainstream,406.1,131,68,68,8568.4,0.04739507959479016,5.972058823529412
Grnwves,YOUNG FAMILIES,Premium,468.1,151,76,80,8568.4,0.05463096960926194,6.15921052631579
Grnwves,YOUNG SINGLES/COUPLES,Budget,241.8,78,45,45,8568.4,0.028219971056439943,5.373333333333334
Grnwves,YOUNG SINGLES/COUPLES,Mainstream,403.0,130,70,70,8568.4,0.047033285094066575,5.757142857142857
Grnwves,YOUNG SINGLES/COUPLES,Premium,254.20000000000002,82,46,48,8568.4,0.0296671490593343,5.526086956521739
Infuzions,MIDAGE SINGLES/COUPLES,Budget,1957.8,534,258,281,99047.59999999999,0.019766253801202654,7.588372093023255
Infuzions,MIDAGE SINGLES/COUPLES,Mainstream,4843.599999999999,1310,606,679,99047.59999999999,0.04890174017341157,7.992739273927392
Infuzions,MIDAGE SINGLES/COUPLES,Premium,3032.0,841,392,442,99047.59999999999,0.030611544348373917,7.73469387755102
Infuzions,NEW FAMILIES,Budget,1238.0,335,167,180,99047.59999999999,0.012499040865200168,7.413173652694611
Infuzions,NEW FAMILIES,Mainstream,868.1999999999999,234,116,126,99047.59999999999,0.008765482454900473,7.484482758620689
Infuzions,NEW FAMILIES,Premium,589.8,160,79,87,99047.59999999999,0.005954712683598593,7.465822784810126
Infuzions,OLDER FAMILIES,Budget,8365.0,2303,1037,1185,99047.59999999999,0.08445434316429677,8.066538090646095
Infuzions,OLDER FAMILIES,Mainstream,5022.8,1387,606,716,99047.59999999999,0.05071097129057141,8.288448844884488
Infuzions,OLDER FAMILIES,Premium,4173.0,1156,523,594,99047.59999999999,0.042131258102165024,7.9789674952198855
Infuzions,OLDER SINGLES/COUPLES,Budget,7256.0,1992,939,1043,99047.59999999999,0.07325770639571277,7.727369542066028
Infuzions,OLDER SINGLES/COUPLES,Mainstream,6716.4,1836,858,959,99047.59999999999,0.06780982073265783,7.827972027972027
Infuzions,OLDER SINGLES/COUPLES,Premium,6748.2,1837,864,960,99047.59999999999,0.0681308784867074,7.810416666666667
Infuzions,RETIREES,Budget,5436.0,1474,708,779,99047.59999999999,0.05488270286205825,7.677966101694915
Infuzions,RETIREES,Mainstream,8186.2,2246,1068,1182,99047.59999999999,0.08264915050945203,7.664981273408239
Infuzions,RETIREES,Premium,5276.8,1440,666,758,99047.59999999999,0.053275394860652865,7.923123123123124
Infuzions,YOUNG FAMILIES,Budget,7009.4,1933,833,998,99047.59999999999,0.07076799437846046,8.414645858343336
Infuzions,YOUNG FAMILIES,Mainstream,4449.4,1228,571,637,99047.59999999999,0.04492183556189146,7.792294220665498
Infuzions,YOUNG FAMILIES,Premium,4086.0,1125,508,580,99047.59999999999,0.04125289254863319,8.043307086614174
Infuzions,YOUNG SINGLES/COUPLES,Budget,3009.7999999999997,837,429,456,99047.59999999999,0.03038740968988648,7.015850815850815
Infuzions,YOUNG SINGLES/COUPLES,Mainstream,8749.4,2343,1133,1249,99047.59999999999,0.0883353054490972,7.7223300970873785
Infuzions,YOUNG SINGLES/COUPLES,Premium,2033.8,568,279,307,99047.59999999999,0.020533561641069547,7.289605734767025
Kettle,MIDAGE SINGLES/COUPLES,Budget,6736.2,1365,530,713,390239.8,0.01726169396355779,12.709811320754717
Kettle,MIDAGE SINGLES/COUPLES,Mainstream,20231.8,4085,1587,2133,390239.8,0.05184453251564807,12.748456206679268
Kettle,MIDAGE SINGLES/COUPLES,Premium,11390.2,2305,904,1204,390239.8,0.029187694335636706,12.599778761061948
Kettle,NEW FAMILIES,Budget,4731.6,954,405,509,390239.8,0.012124852462511514,11.682962962962964
Kettle,NEW FAMILIES,Mainstream,3847.0,781,323,414,390239.8,0.009858041132657407,11.910216718266254
Kettle,NEW FAMILIES,Premium,2267.6,456,203,246,390239.8,0.005810786085888728,11.170443349753695
Kettle,OLDER FAMILIES,Budget,32058.0,6492,2249,3319,390239.8,0.08214948859649887,14.254335260115607
Kettle,OLDER FAMILIES,Mainstream,19420.2,3938,1381,2018,390239.8,0.04976478565230917,14.062418537291817
Kettle,OLDER FAMILIES,Premium,14505.8,2937,1024,1510,390239.8,0.03717150326542808,14.1658203125
Kettle,OLDER SINGLES/COUPLES,Budget,29066.4,5896,2229,3063,390239.8,0.0744834330070895,13.040107671601616
Kettle,OLDER SINGLES/COUPLES,Mainstream,26852.8,5462,2055,2834,390239.8,0.06881102337588324,13.06705596107056
Kettle,OLDER SINGLES/COUPLES,Premium,27943.4,5666,2127,2944,390239.8,0.07160571525508162,13.137470615890926
Kettle,RETIREES,Budget,24340.0,4910,1943,2589,390239.8,0.06237190568465851,12.527020072053526
Kettle,RETIREES,Mainstream,31652.4,6428,2551,3380,390239.8,0.08111012767021714,12.407840062720503
Kettle,RETIREES,Premium,20922.4,4230,1636,2214,390239.8,0.05361421361942068,12.78875305623472
Kettle,YOUNG FAMILIES,Budget,26369.6,5328,1884,2741,390239.8,0.0675728103591689,13.99660297239915
Kettle,YOUNG FAMILIES,Mainstream,17049.2,3468,1256,1788,390239.8,0.04368903428097288,13.574203821656052
Kettle,YOUNG FAMILIES,Premium,16614.2,3357,1184,1745,390239.8,0.04257433506269735,14.032263513513515
Kettle,YOUNG SINGLES/COUPLES,Budget,11106.0,2255,974,1211,390239.8,0.02845942417969669,11.402464065708418
Kettle,YOUNG SINGLES/COUPLES,Mainstream,35423.6,7172,3065,3844,390239.8,0.09077392926093135,11.557455138662316
Kettle,YOUNG SINGLES/COUPLES,Premium,7711.4,1566,666,838,390239.8,0.019760670234045836,11.578678678678678
Natural,MIDAGE SINGLES/COUPLES,Budget,732.0,244,124,133,34272.0,0.021358543417366947,5.903225806451613
Natural,MIDAGE SINGLES/COUPLES,Mainstream,1233.0,411,193,213,34272.0,0.03597689075630252,6.38860103626943
Natural,MIDAGE SINGLES/COUPLES,Premium,1155.0,385,184,204,34272.0,0.03370098039215686,6.2771739130434785
Natural,NEW FAMILIES,Budget,321.0,107,58,63,34272.0,0.00936624649859944,5.5344827586206895
Natural,NEW FAMILIES,Mainstream,216.0,72,36,39,34272.0,0.0063025210084033615,6.0
Natural,NEW FAMILIES,Premium,159.0,53,27,30,34272.0,0.004639355742296919,5.888888888888889
Natural,OLDER FAMILIES,Budget,3366.0,1122,519,576,34272.0,0.09821428571428571,6.485549132947977
Natural,OLDER FAMILIES,Mainstream,2286.0,762,348,390,34272.0,0.0667016806722689,6.568965517241379
Natural,OLDER FAMILIES,Premium,1689.0,563,264,288,34272.0,0.04928221288515406,6.3977272727272725
Natural,OLDER SINGLES/COUPLES,Budget,2385.0,795,390,420,34272.0,0.06959033613445378,6.115384615384615
Natural,OLDER SINGLES/COUPLES,Mainstream,2343.0,781,370,410,34272.0,0.06836484593837536,6.332432432432433
Natural,OLDER SINGLES/COUPLES,Premium,2094.0,698,337,368,34272.0,0.06109943977591036,6.213649851632048
Natural,RETIREES,Budget,1644.0,548,268,293,34272.0,0.04796918767507003,6.134328358208955
Natural,RETIREES,Mainstream,2634.0,878,441,479,34272.0,0.07685574229691877,5.9727891156462585
Natural,RETIREES,Premium,1491.0,497,258,268,34272.0,0.04350490196078431,5.77906976744186
Natural,YOUNG FAMILIES,Budget,2820.0,940,434,483,34272.0,0.0822829131652661,6.497695852534562
Natural,YOUNG FAMILIES,Mainstream,1806.0,602,273,310,34272.0,0.05269607843137255,6.615384615384615
Natural,YOUNG FAMILIES,Premium,1830.0,610,272,314,34272.0,0.053396358543417365,6.727941176470588
Natural,YOUNG SINGLES/COUPLES,Budget,1470.0,490,261,278,34272.0,0.0428921568627451,5.632183908045977
Natural,YOUNG SINGLES/COUPLES,Mainstream,1734.0,578,304,321,34272.0,0.050595238095238096,5.703947368421052
Natural,YOUNG SINGLES/COUPLES,Premium,864.0,288,162,170,34272.0,0.025210084033613446,5.333333333333333
Ncc,MIDAGE SINGLES/COUPLES,Budget,207.0,69,36,37,8046.0,0.025727069351230425,5.75
Ncc,MIDAGE SINGLES/COUPLES,Mainstream,336.0,112,57,58,8046.0,0.041759880686055184,5.894736842105263
Ncc,MIDAGE SINGLES/COUPLES,Premium,261.0,87,47,49,8046.0,0.03243847874720358,5.553191489361702
Ncc,NEW FAMILIES,Budget,51.0,17,9,9,8046.0,0.00633855331841909,5.666666666666667
Ncc,NEW FAMILIES,Mainstream,33.0,11,6,6,8046.0,0.004101416853094705,5.5
Ncc,NEW FAMILIES,Premium,66.0,22,11,11,8046.0,0.00820283370618941,6.0
Ncc,OLDER FAMILIES,Budget,957.0,319,161,165,8046.0,0.11894108873974646,5.944099378881988
Ncc,OLDER FAMILIES,Mainstream,489.0,163,80,81,8046.0,0.06077554064131245,6.1125
Ncc,OLDER FAMILIES,Premium,414.0,138,69,71,8046.0,0.05145413870246085,6.0
Ncc,OLDER SINGLES/COUPLES,Budget,510.0,170,89,90,8046.0,0.0633855331841909,5.730337078651686
Ncc,OLDER SINGLES/COUPLES,Mainstream,522.0,174,94,95,8046.0,0.06487695749440715,5.553191489361702
Ncc,OLDER SINGLES/COUPLES,Premium,468.0,156,83,83,8046.0,0.058165548098434,5.63855421686747
Ncc,RETIREES,Budget,402.0,134,73,74,8046.0,0.049962714392244596,5.506849315068493
Ncc,RETIREES,Mainstream,600.0,200,105,108,8046.0,0.07457121551081283,5.714285714285714
Ncc,RETIREES,Premium,366.0,122,64,64,8046.0,0.04548844146159582,5.71875
Ncc,YOUNG FAMILIES,Budget,723.0,241,120,123,8046.0,0.08985831469052946,6.025
Ncc,YOUNG FAMILIES,Mainstream,429.0,143,73,74,8046.0,0.05331841909023117,5.876712328767123
Ncc,YOUNG FAMILIES,Premium,366.0,122,60,63,8046.0,0.04548844146159582,6.1
Ncc,YOUNG SINGLES/COUPLES,Budget,225.0,75,41,41,8046.0,0.02796420581655481,5.487804878048781
Ncc,YOUNG SINGLES/COUPLES,Mainstream,396.0,132,70,73,8046.0,0.049217002237136466,5.6571428571428575
Ncc,YOUNG SINGLES/COUPLES,Premium,225.0,75,44,44,8046.0,0.02796420581655481,5.113636363636363
Old,MIDAGE SINGLES/COUPLES,Budget,1392.3,273,133,144,90785.09999999999,0.015336217066456942,10.468421052631578
Old,MIDAGE SINGLES/COUPLES,Mainstream,4875.599999999999,956,466,501,90785.09999999999,0.05370484804224482,10.462660944206007
Old,MIDAGE SINGLES/COUPLES,Premium,2595.8999999999996,509,251,270,90785.09999999999,0.02859389921914499,10.34223107569721
Old,NEW FAMILIES,Budget,1030.1999999999998,202,100,107,90785.09999999999,0.011347677096792314,10.301999999999998
Old,NEW FAMILIES,Mainstream,805.8,158,76,82,90785.09999999999,0.008875905847986068,10.602631578947367
Old,NEW FAMILIES,Premium,535.5,105,52,56,90785.09999999999,0.005898545025560363,10.298076923076923
Old,OLDER FAMILIES,Budget,7568.4,1484,686,758,90785.09999999999,0.08336610302791979,11.032653061224488
Old,OLDER FAMILIES,Mainstream,4707.299999999999,923,428,474,90785.09999999999,0.051851019605640127,10.998364485981307
Old,OLDER FAMILIES,Premium,3529.2,692,322,357,90785.09999999999,0.03887422054940734,10.960248447204968
Old,OLDER SINGLES/COUPLES,Budget,6579.0,1290,618,674,90785.09999999999,0.07246783888545588,10.645631067961165
Old,OLDER SINGLES/COUPLES,Mainstream,6002.7,1177,573,618,90785.09999999999,0.06611988090556711,10.475916230366492
Old,OLDER SINGLES/COUPLES,Premium,6410.7,1257,601,653,90785.09999999999,0.0706140104488512,10.666722129783693
Old,RETIREES,Budget,5502.9,1079,533,569,90785.09999999999,0.0606145722150441,10.324390243902439
Old,RETIREES,Mainstream,7466.4,1464,714,764,90785.09999999999,0.08224257064209876,10.457142857142857
Old,RETIREES,Premium,4860.299999999999,953,465,506,90785.09999999999,0.05353631818437166,10.452258064516128
Old,YOUNG FAMILIES,Budget,6635.099999999999,1301,610,671,90785.09999999999,0.07308578169765743,10.877213114754097
Old,YOUNG FAMILIES,Mainstream,4110.599999999999,806,379,419,90785.09999999999,0.045278355148587156,10.845910290237466
Old,YOUNG FAMILIES,Premium,3733.2,732,339,376,90785.09999999999,0.04112128532104938,11.012389380530973
Old,YOUNG SINGLES/COUPLES,Budget,2590.7999999999997,509,269,279,90785.09999999999,0.02853772259985394,9.631226765799255
Old,YOUNG SINGLES/COUPLES,Mainstream,8180.4,1607,822,867,90785.09999999999,0.09010729734284591,9.951824817518247
Old,YOUNG SINGLES/COUPLES,Premium,1672.8,328,165,178,90785.09999999999,0.01842593112746475,10.138181818181819
Pringles,MIDAGE SINGLES/COUPLES,Budget,3159.8,854,380,448,177655.5,0.017786108507757994,8.315263157894737
Pringles,MIDAGE SINGLES/COUPLES,Mainstream,8177.0,2210,999,1159,177655.5,0.0460272831406852,8.185185185185185
Pringles,MIDAGE SINGLES/COUPLES,Premium,5538.900000000001,1498,630,781,177655.5,0.03117775695095283,8.791904761904762
Pringles,NEW FAMILIES,Budget,2168.2000000000003,586,262,308,177655.5,0.012204519421014267,8.27557251908397
Pringles,NEW FAMILIES,Mainstream,1557.7,421,192,224,177655.5,0.00876809330417578,8.113020833333334
Pringles,NEW FAMILIES,Premium,1172.9,317,143,165,177655.5,0.006602103509320004,8.202097902097902
Pringles,OLDER FAMILIES,Budget,14300.5,3865,1553,1995,177655.5,0.08049567843382277,9.208306503541532
Pringles,OLDER FAMILIES,Mainstream,8939.2,2416,951,1233,177655.5,0.050317609080495686,9.399789695057835
Pringles,OLDER FAMILIES,Premium,7344.5,1985,778,1014,177655.5,0.041341247526814534,9.440231362467866
Pringles,OLDER SINGLES/COUPLES,Budget,13131.300000000001,3549,1514,1842,177655.5,0.0739144017494533,8.67324966974901
Pringles,OLDER SINGLES/COUPLES,Mainstream,12136.0,3280,1419,1720,177655.5,0.06831198583775903,8.552501761804088
Pringles,OLDER SINGLES/COUPLES,Premium,12335.800000000001,3334,1437,1744,177655.5,0.069436634385088,8.584411969380655
Pringles,RETIREES,Budget,10726.300000000001,2899,1258,1515,177655.5,0.060376965531604716,8.526470588235295
Pringles,RETIREES,Mainstream,14781.5,3995,1759,2103,177655.5,0.08320316567739248,8.403354178510517
Pringles,RETIREES,Premium,9390.6,2538,1117,1331,177655.5,0.05285848172446111,8.406982990152194
Pringles,YOUNG FAMILIES,Budget,12065.7,3261,1330,1673,177655.5,0.06791627616369884,9.071954887218046
Pringles,YOUNG FAMILIES,Mainstream,8188.1,2213,908,1148,177655.5,0.046089763615536815,9.01773127753304
Pringles,YOUNG FAMILIES,Premium,7244.6,1961,787,1006,177655.5,0.04077892325315006,9.205336721728083
Pringles,YOUNG SINGLES/COUPLES,Budget,5649.900000000001,1527,735,832,177655.5,0.03180256169946892,7.686938775510205
Pringles,YOUNG SINGLES/COUPLES,Mainstream,16006.2,4326,2028,2315,177655.5,0.09009684473602,7.892603550295858
Pringles,YOUNG SINGLES/COUPLES,Premium,3640.8,984,477,537,177655.5,0.02049359575132771,7.632704402515723
RRD,MIDAGE SINGLES/COUPLES,Budget,1909.2,672,295,367,95046.0,0.020087115712391895,6.471864406779662
RRD,MIDAGE SINGLES/COUPLES,Mainstream,3502.8,1236,504,654,95046.0,0.03685373398144057,6.95
RRD,MIDAGE SINGLES/COUPLES,Premium,3082.8,1093,460,592,95046.0,0.03243482103402563,6.701739130434783
RRD,NEW FAMILIES,Budget,754.5,268,129,144,95046.0,0.007938261473391831,5.848837209302325
RRD,NEW FAMILIES,Mainstream,738.3000000000001,261,128,146,95046.0,0.007767817688277256,5.7679687500000005
RRD,NEW FAMILIES,Premium,492.0,174,86,98,95046.0,0.005176440881257497,5.72093023255814
RRD,OLDER FAMILIES,Budget,10162.2,3604,1325,1857,95046.0,0.10691875512909539,7.669584905660378
RRD,OLDER FAMILIES,Mainstream,6236.7,2205,794,1123,95046.0,0.06561770090272079,7.8547858942065485
RRD,OLDER FAMILIES,Premium,5049.3,1787,652,914,95046.0,0.053124802727100566,7.744325153374233
RRD,OLDER SINGLES/COUPLES,Budget,5550.3,1965,825,1036,95046.0,0.05839593460008838,6.727636363636364
RRD,OLDER SINGLES/COUPLES,Mainstream,6581.1,2329,952,1217,95046.0,0.06924120951960104,6.912920168067227
RRD,OLDER SINGLES/COUPLES,Premium,5709.3,2026,847,1071,95046.0,0.060068808787324034,6.740613931523023
RRD,RETIREES,Budget,4695.0,1664,714,888,95046.0,0.04939713401931696,6.57563025210084
RRD,RETIREES,Mainstream,7046.400000000001,2497,1105,1344,95046.0,0.07413673379205858,6.376832579185521
RRD,RETIREES,Premium,3970.2000000000003,1409,602,745,95046.0,0.04177135281863519,6.595016611295682
RRD,YOUNG FAMILIES,Budget,8014.200000000001,2834,1064,1453,95046.0,0.08431917176945901,7.5321428571428575
RRD,YOUNG FAMILIES,Mainstream,5538.6,1960,714,1003,95046.0,0.05827283631083897,7.757142857142858
RRD,YOUNG FAMILIES,Premium,5142.900000000001,1819,661,936,95046.0,0.0541095890410959,7.780484114977308
RRD,YOUNG SINGLES/COUPLES,Budget,3602.7000000000003,1271,626,732,95046.0,0.03790480398964712,5.755111821086262
RRD,YOUNG SINGLES/COUPLES,Mainstream,4958.1,1753,809,969,95046.0,0.052165267344233324,6.128677379480841
RRD,YOUNG SINGLES/COUPLES,Premium,2309.4,819,428,480,95046.0,0.024297708478000127,5.3957943925233645
Smiths,MIDAGE SINGLES/COUPLES,Budget,4251.3,1194,477,633,224654.19999999998,0.018923750368343883,8.912578616352201
Smiths,MIDAGE SINGLES/COUPLES,Mainstream,10173.1,2558,985,1335,224654.19999999998,0.045283373291040194,10.328020304568529
Smiths,MIDAGE SINGLES/COUPLES,Premium,6724.3,1855,763,984,224654.19999999998,0.02993177959726549,8.8129750982962
Smiths,NEW FAMILIES,Budget,2335.4,616,282,340,224654.19999999998,0.010395532333693296,8.281560283687943
Smiths,NEW FAMILIES,Mainstream,1720.1000000000001,459,208,254,224654.19999999998,0.007656656318911466,8.26971153846154
Smiths,NEW FAMILIES,Premium,1237.9,309,140,164,224654.19999999998,0.005510246414266905,8.842142857142857
Smiths,OLDER FAMILIES,Budget,21651.1,5999,1962,3089,224654.19999999998,0.09637522912992501,11.035219164118246
Smiths,OLDER FAMILIES,Mainstream,12923.9,3571,1195,1833,224654.19999999998,0.05752796965291546,10.814979079497908
Smiths,OLDER FAMILIES,Premium,10522.5,2932,974,1514,224654.19999999998,0.04683865247122022,10.803388090349076
Smiths,OLDER SINGLES/COUPLES,Budget,15249.6,4019,1586,2096,224654.19999999998,0.06788032451652362,9.615132408575032
Smiths,OLDER SINGLES/COUPLES,Mainstream,15129.300000000001,4113,1647,2180,224654.19999999998,0.06734483486175644,9.185974499089253
Smiths,OLDER SINGLES/COUPLES,Premium,14769.1,3887,1547,2040,224654.19999999998,0.0657414817973579,9.546929541047188
Smiths,RETIREES,Budget,12242.7,3155,1283,1678,224654.19999999998,0.054495753918689264,9.542244738893219
Smiths,RETIREES,Mainstream,17301.6,4623,1944,2476,224654.19999999998,0.07701436251803884,8.899999999999999
Smiths,RETIREES,Premium,10603.1,2760,1123,1458,224654.19999999998,0.04719742608862866,9.441763134461265
Smiths,YOUNG FAMILIES,Budget,17380.8,4787,1606,2456,224654.19999999998,0.07736690433564118,10.82241594022416
Smiths,YOUNG FAMILIES,Mainstream,12212.5,3433,1149,1769,224654.19999999998,0.054361325094300486,10.628807658833768
Smiths,YOUNG FAMILIES,Premium,10046.4,2791,960,1438,224654.19999999998,0.04471939540858796,10.465
Smiths,YOUNG SINGLES/COUPLES,Budget,7633.1,2194,1000,1245,224654.19999999998,0.03397710792854085,7.633100000000001
Smiths,YOUNG SINGLES/COUPLES,Mainstream,15265.7,3609,1648,1987,224654.19999999998,0.0679519902142938,9.263167475728157
Smiths,YOUNG SINGLES/COUPLES,Premium,5280.7,1473,666,826,224654.19999999998,0.02350590374005917,7.928978978978979
Snbts,MIDAGE SINGLES/COUPLES,Budget,125.8,74,38,40,5076.2,0.02478231748158071,3.3105263157894735
Snbts,MIDAGE SINGLES/COUPLES,Mainstream,120.7,71,34,36,5076.2,0.023777628935030142,3.5500000000000003
Snbts,MIDAGE SINGLES/COUPLES,Premium,180.2,106,55,56,5076.2,0.03549899531145345,3.2763636363636364
Snbts,NEW FAMILIES,Budget,51.0,30,17,17,5076.2,0.010046885465505693,3.0
Snbts,NEW FAMILIES,Mainstream,28.9,17,10,10,5076.2,0.0056932350971198925,2.8899999999999997
Snbts,NEW FAMILIES,Premium,11.9,7,4,4,5076.2,0.002344273275284662,2.975
Snbts,OLDER FAMILIES,Budget,532.1,313,159,162,5076.2,0.10482250502344274,3.3465408805031447
Snbts,OLDER FAMILIES,Mainstream,294.09999999999997,173,88,88,5076.2,0.05793703951774949,3.3420454545454543
Snbts,OLDER FAMILIES,Premium,285.59999999999997,168,86,87,5076.2,0.05626255860683188,3.320930232558139
Snbts,OLDER SINGLES/COUPLES,Budget,338.3,199,105,106,5076.2,0.06664434025452111,3.221904761904762
Snbts,OLDER SINGLES/COUPLES,Mainstream,360.4,212,110,115,5076.2,0.0709979906229069,3.2763636363636364
Snbts,OLDER SINGLES/COUPLES,Premium,309.4,182,89,89,5076.2,0.0609511051574012,3.476404494382022
Snbts,RETIREES,Budget,280.5,165,86,89,5076.2,0.055257870060281315,3.261627906976744
Snbts,RETIREES,Mainstream,421.59999999999997,248,128,131,5076.2,0.08305425318151373,3.2937499999999997
Snbts,RETIREES,Premium,229.5,135,70,71,5076.2,0.04521098459477562,3.2785714285714285
Snbts,YOUNG FAMILIES,Budget,428.4,252,124,128,5076.2,0.08439383791024782,3.454838709677419
Snbts,YOUNG FAMILIES,Mainstream,312.8,184,91,93,5076.2,0.061620897521768254,3.4373626373626376
Snbts,YOUNG FAMILIES,Premium,253.29999999999998,149,73,74,5076.2,0.04989953114534494,3.46986301369863
Snbts,YOUNG SINGLES/COUPLES,Budget,187.0,110,68,68,5076.2,0.036838580040187544,2.75
Snbts,YOUNG SINGLES/COUPLES,Mainstream,214.2,126,70,71,5076.2,0.04219691895512391,3.06
Snbts,YOUNG SINGLES/COUPLES,Premium,110.5,65,41,41,5076.2,0.021768251841929,2.6951219512195124
Sunbites,MIDAGE SINGLES/COUPLES,Budget,96.89999999999999,57,29,30,4600.2,0.02106430155210643,3.3413793103448275
Sunbites,MIDAGE SINGLES/COUPLES,Mainstream,103.7,61,31,33,4600.2,0.022542498152254252,3.3451612903225807
Sunbites,MIDAGE SINGLES/COUPLES,Premium,171.7,101,52,54,4600.2,0.037324464153732445,3.3019230769230767
Sunbites,NEW FAMILIES,Budget,35.699999999999996,21,13,13,4600.2,0.007760532150776053,2.7461538461538457
Sunbites,NEW FAMILIES,Mainstream,15.3,9,5,5,4600.2,0.0033259423503325947,3.06
Sunbites,NEW FAMILIES,Premium,34.0,20,11,12,4600.2,0.007390983000739098,3.090909090909091
Sunbites,OLDER FAMILIES,Budget,470.9,277,135,143,4600.2,0.10236511456023652,3.4881481481481478
Sunbites,OLDER FAMILIES,Mainstream,270.3,159,80,81,4600.2,0.058758314855875834,3.37875
Sunbites,OLDER FAMILIES,Premium,197.2,116,59,61,4600.2,0.04286770140428677,3.342372881355932
Sunbites,OLDER SINGLES/COUPLES,Budget,273.7,161,83,85,4600.2,0.05949741315594974,3.297590361445783
Sunbites,OLDER SINGLES/COUPLES,Mainstream,334.9,197,107,107,4600.2,0.07280118255728012,3.1299065420560748
Sunbites,OLDER SINGLES/COUPLES,Premium,272.0,160,81,82,4600.2,0.059127864005912786,3.3580246913580245
Sunbites,RETIREES,Budget,222.7,131,69,71,4600.2,0.04841093865484109,3.227536231884058
Sunbites,RETIREES,Mainstream,353.59999999999997,208,109,112,4600.2,0.07686622320768662,3.244036697247706
Sunbites,RETIREES,Premium,195.5,115,61,61,4600.2,0.04249815225424982,3.2049180327868854
Sunbites,YOUNG FAMILIES,Budget,418.2,246,125,126,4600.2,0.09090909090909091,3.3456
Sunbites,YOUNG FAMILIES,Mainstream,346.8,204,97,103,4600.2,0.07538802660753881,3.575257731958763
Sunbites,YOUNG FAMILIES,Premium,236.29999999999998,139,71,72,4600.2,0.051367331855136734,3.328169014084507
Sunbites,YOUNG SINGLES/COUPLES,Budget,207.4,122,66,68,4600.2,0.045084996304508504,3.1424242424242426
Sunbites,YOUNG SINGLES/COUPLES,Mainstream,176.79999999999998,104,57,57,4600.2,0.03843311160384331,3.101754385964912
Sunbites,YOUNG SINGLES/COUPLES,Premium,166.6,98,56,56,4600.2,0.03621581670362158,2.975
Thins,MIDAGE SINGLES/COUPLES,Budget,1673.1,507,243,269,88852.5,0.01883008356545961,6.885185185185184
Thins,MIDAGE SINGLES/COUPLES,Mainstream,4002.8999999999996,1213,574,635,88852.5,0.04505106778087279,6.97369337979094
Thins,MIDAGE SINGLES/COUPLES,Premium,2593.7999999999997,786,370,412,88852.5,0.02919220055710306,7.0102702702702695
Thins,NEW FAMILIES,Budget,1085.7,329,160,176,88852.5,0.01221912720519963,6.7856250000000005
Thins,NEW FAMILIES,Mainstream,716.0999999999999,217,108,115,88852.5,0.008059424326833797,6.630555555555555
Thins,NEW FAMILIES,Premium,524.6999999999999,159,84,87,88852.5,0.005905292479108634,6.246428571428571
Thins,OLDER FAMILIES,Budget,7517.4,2278,1002,1171,88852.5,0.08460538532961931,7.502395209580838
Thins,OLDER FAMILIES,Mainstream,4778.4,1448,651,745,88852.5,0.05377901578458681,7.340092165898617
Thins,OLDER FAMILIES,Premium,3613.5,1095,490,558,88852.5,0.040668523676880224,7.374489795918367
Thins,OLDER SINGLES/COUPLES,Budget,6474.599999999999,1962,928,1022,88852.5,0.07286908077994428,6.976939655172413
Thins,OLDER SINGLES/COUPLES,Mainstream,6068.7,1839,856,949,88852.5,0.0683008356545961,7.089602803738318
Thins,OLDER SINGLES/COUPLES,Premium,6342.599999999999,1922,891,997,88852.5,0.07138347260909934,7.118518518518518
Thins,RETIREES,Budget,5431.799999999999,1647,784,866,88852.5,0.061132776230269255,6.928316326530611
Thins,RETIREES,Mainstream,7520.7,2279,1085,1199,88852.5,0.08464252553389043,6.9315207373271885
Thins,RETIREES,Premium,4554.0,1380,663,727,88852.5,0.05125348189415042,6.868778280542986
Thins,YOUNG FAMILIES,Budget,6081.9,1846,825,963,88852.5,0.06844939647168059,7.372
Thins,YOUNG FAMILIES,Mainstream,4022.7,1219,549,625,88852.5,0.04527390900649953,7.327322404371585
Thins,YOUNG FAMILIES,Premium,3804.8999999999996,1153,514,597,88852.5,0.04282265552460538,7.402529182879377
Thins,YOUNG SINGLES/COUPLES,Budget,2801.7,849,432,463,88852.5,0.03153203342618384,6.485416666666667
Thins,YOUNG SINGLES/COUPLES,Mainstream,7217.099999999999,2187,1077,1166,88852.5,0.08122562674094706,6.701114206128133
Thins,YOUNG SINGLES/COUPLES,Premium,2026.1999999999998,614,305,330,88852.5,0.02280408542246982,6.64327868852459
Tostitos,MIDAGE SINGLES/COUPLES,Budget,1403.6000000000001,319,153,163,79789.6,0.017591265027021064,9.173856209150328
Tostitos,MIDAGE SINGLES/COUPLES,Mainstream,4065.6000000000004,924,436,479,79789.6,0.05095400904378516,9.324770642201836
Tostitos,MIDAGE SINGLES/COUPLES,Premium,2310.0,525,257,282,79789.6,0.028951141502150654,8.988326848249027
Tostitos,NEW FAMILIES,Budget,994.4000000000001,226,115,125,79789.6,0.012462777103782949,8.646956521739131
Tostitos,NEW FAMILIES,Mainstream,748.0000000000001,170,86,89,79789.6,0.009374655343553546,8.697674418604652
Tostitos,NEW FAMILIES,Premium,545.6,124,59,63,79789.6,0.0068379838976508215,9.247457627118644
Tostitos,OLDER FAMILIES,Budget,6006.000000000001,1365,649,705,79789.6,0.07527296790559171,9.254237288135595
Tostitos,OLDER FAMILIES,Mainstream,3911.6000000000004,889,409,452,79789.6,0.04902393294364178,9.563814180929096
Tostitos,OLDER FAMILIES,Premium,3330.8,757,346,388,79789.6,0.041744788794529614,9.626589595375723
Tostitos,OLDER SINGLES/COUPLES,Budget,6001.6,1364,648,715,79789.6,0.07521782287415904,9.261728395061729
Tostitos,OLDER SINGLES/COUPLES,Mainstream,5640.8,1282,614,663,79789.6,0.07069593029668027,9.186970684039089
Tostitos,OLDER SINGLES/COUPLES,Premium,5605.6,1274,602,660,79789.6,0.07025477004521892,9.311627906976744
Tostitos,RETIREES,Budget,5064.400000000001,1151,562,601,79789.6,0.06347193117900077,9.011387900355873
Tostitos,RETIREES,Mainstream,6212.8,1412,692,739,79789.6,0.0778647843829271,8.978034682080924
Tostitos,RETIREES,Premium,4316.400000000001,981,483,510,79789.6,0.05409727583544723,8.93664596273292
Tostitos,YOUNG FAMILIES,Budget,5570.400000000001,1266,592,652,79789.6,0.06981360979375759,9.40945945945946
Tostitos,YOUNG FAMILIES,Mainstream,3590.4,816,396,424,79789.6,0.04499834564905702,9.066666666666666
Tostitos,YOUNG FAMILIES,Premium,3322.0000000000005,755,365,391,79789.6,0.04163449873166428,9.1013698630137
Tostitos,YOUNG SINGLES/COUPLES,Budget,2213.2000000000003,503,261,275,79789.6,0.027737950810631965,8.479693486590039
Tostitos,YOUNG SINGLES/COUPLES,Mainstream,7238.000000000001,1645,838,890,79789.6,0.09071357670673873,8.637231503579953
Tostitos,YOUNG SINGLES/COUPLES,Premium,1698.4,386,197,203,79789.6,0.021285982133009817,8.621319796954316
Twisties,MIDAGE SINGLES/COUPLES,Budget,1505.3999999999999,333,163,176,81522.09999999999,0.018466158256472784,9.235582822085888
Twisties,MIDAGE SINGLES/COUPLES,Mainstream,4203.2,932,437,490,81522.09999999999,0.051559025098715565,9.618306636155605
Twisties,MIDAGE SINGLES/COUPLES,Premium,2295.6,510,244,265,81522.09999999999,0.028159235348451526,9.408196721311475
Twisties,NEW FAMILIES,Budget,851.0999999999999,189,94,98,81522.09999999999,0.010440113785096312,9.054255319148934
Twisties,NEW FAMILIES,Mainstream,712.6999999999999,158,79,84,81522.09999999999,0.008742414633577889,9.021518987341771
Twisties,NEW FAMILIES,Premium,435.09999999999997,97,48,51,81522.09999999999,0.0053372030406478735,9.064583333333333
Twisties,OLDER FAMILIES,Budget,7164.599999999999,1593,723,808,81522.09999999999,0.08788537096075788,9.909543568464729
Twisties,OLDER FAMILIES,Mainstream,3985.8999999999996,886,405,458,81522.09999999999,0.04889349023148324,9.841728395061727
Twisties,OLDER FAMILIES,Premium,3306.0,735,349,376,81522.09999999999,0.04055342048352533,9.472779369627506
Twisties,OLDER SINGLES/COUPLES,Budget,5727.4,1273,620,658,81522.09999999999,0.07025579566767785,9.23774193548387
Twisties,OLDER SINGLES/COUPLES,Mainstream,5533.299999999999,1231,592,633,81522.09999999999,0.06787484620734745,9.346790540540539
Twisties,OLDER SINGLES/COUPLES,Premium,5682.599999999999,1263,612,657,81522.09999999999,0.06970625143366033,9.285294117647059
Twisties,RETIREES,Budget,4810.4,1070,531,566,81522.09999999999,0.05900731212763165,9.059133709981166
Twisties,RETIREES,Mainstream,6809.2,1516,745,802,81522.09999999999,0.08352581692571709,9.13986577181208
Twisties,RETIREES,Premium,4485.5,998,482,522,81522.09999999999,0.055021889769767955,9.306016597510373
Twisties,YOUNG FAMILIES,Budget,5406.2,1202,569,621,81522.09999999999,0.06631575977557007,9.501230228471002
Twisties,YOUNG FAMILIES,Mainstream,3654.8999999999996,810,384,417,81522.09999999999,0.044833241538184125,9.51796875
Twisties,YOUNG FAMILIES,Premium,3299.2999999999997,734,334,374,81522.09999999999,0.04047123418067003,9.87814371257485
Twisties,YOUNG SINGLES/COUPLES,Budget,2494.8999999999996,556,282,300,81522.09999999999,0.03060397119308752,8.847163120567375
Twisties,YOUNG SINGLES/COUPLES,Mainstream,7539.799999999999,1673,850,900,81522.09999999999,0.09248780392065464,8.87035294117647
Twisties,YOUNG SINGLES/COUPLES,Premium,1619.0,359,186,195,81522.09999999999,0.019859645421302936,8.704301075268818
Tyrrells,MIDAGE SINGLES/COUPLES,Budget,840.0,200,104,107,51647.4,0.016264129462470522,8.076923076923077
Tyrrells,MIDAGE SINGLES/COUPLES,Mainstream,2398.2000000000003,571,282,298,51647.4,0.04643408961535334,8.504255319148937
Tyrrells,MIDAGE SINGLES/COUPLES,Premium,1625.4,387,187,206,51647.4,0.03147109050988046,8.69197860962567
Tyrrells,NEW FAMILIES,Budget,701.4,167,84,88,51647.4,0.013580548101162885,8.35
Tyrrells,NEW FAMILIES,Mainstream,445.20000000000005,106,55,57,51647.4,0.008619988615109377,8.094545454545456
Tyrrells,NEW FAMILIES,Premium,340.2,81,42,42,51647.4,0.006586972432300561,8.1
Tyrrells,OLDER FAMILIES,Budget,4002.6000000000004,953,463,489,51647.4,0.07749857688867204,8.644924406047517
Tyrrells,OLDER FAMILIES,Mainstream,2637.6,628,308,327,51647.4,0.05106936651215743,8.563636363636363
Tyrrells,OLDER FAMILIES,Premium,2263.8,539,255,277,51647.4,0.043831828901358054,8.87764705882353
Tyrrells,OLDER SINGLES/COUPLES,Budget,3721.2000000000003,886,435,460,51647.4,0.07205009351874442,8.55448275862069
Tyrrells,OLDER SINGLES/COUPLES,Mainstream,3742.2000000000003,891,447,467,51647.4,0.07245669675530618,8.371812080536913
Tyrrells,OLDER SINGLES/COUPLES,Premium,3347.4,797,395,413,51647.4,0.06481255590794503,8.474430379746837
Tyrrells,RETIREES,Budget,3183.6,758,373,398,51647.4,0.06164105066276327,8.535120643431636
Tyrrells,RETIREES,Mainstream,4069.8,969,499,514,51647.4,0.07879970724566968,8.155911823647296
Tyrrells,RETIREES,Premium,2801.4,667,320,347,51647.4,0.05424087175733919,8.754375
Tyrrells,YOUNG FAMILIES,Budget,3624.6000000000004,864,423,449,51647.4,0.0701797186305603,8.568794326241136
Tyrrells,YOUNG FAMILIES,Mainstream,2482.2000000000003,591,275,301,51647.4,0.048060502561600396,9.026181818181819
Tyrrells,YOUNG FAMILIES,Premium,2007.6000000000001,478,236,247,51647.4,0.03887126941530455,8.50677966101695
Tyrrells,YOUNG SINGLES/COUPLES,Budget,1621.2,386,196,204,51647.4,0.031389769862568105,8.271428571428572
Tyrrells,YOUNG SINGLES/COUPLES,Mainstream,4800.6,1143,603,619,51647.4,0.09294949987801904,7.961194029850747
Tyrrells,YOUNG SINGLES/COUPLES,Premium,991.2,236,127,132,51647.4,0.019191672765715217,7.804724409448819
Woolworths,MIDAGE SINGLES/COUPLES,Budget,1052.5,590,267,317,49343.6,0.021330020509245373,3.9419475655430714
Woolworths,MIDAGE SINGLES/COUPLES,Mainstream,1491.8,840,367,438,49343.6,0.030232897478092397,4.064850136239782
Woolworths,MIDAGE SINGLES/COUPLES,Premium,1739.2,983,423,532,49343.6,0.035246718926061335,4.1115839243498815
Woolworths,NEW FAMILIES,Budget,410.7,230,114,128,49343.6,0.00832326786047228,3.6026315789473684
Woolworths,NEW FAMILIES,Mainstream,350.3,198,109,118,49343.6,0.007099198274953591,3.2137614678899085
Woolworths,NEW FAMILIES,Premium,276.59999999999997,153,73,84,49343.6,0.0056055901879879045,3.7890410958904104
Woolworths,OLDER FAMILIES,Budget,5130.3,2892,1125,1486,49343.6,0.10397093037394921,4.560266666666667
Woolworths,OLDER FAMILIES,Mainstream,3225.0,1817,689,932,49343.6,0.06535802008771148,4.680696661828737
Woolworths,OLDER FAMILIES,Premium,2711.9,1525,593,781,49343.6,0.05495950842662473,4.57318718381113
Woolworths,OLDER SINGLES/COUPLES,Budget,3073.2,1736,767,922,49343.6,0.062281633281722454,4.006779661016949
Woolworths,OLDER SINGLES/COUPLES,Mainstream,3636.2,2051,908,1084,49343.6,0.07369142097455395,4.004625550660792
Woolworths,OLDER SINGLES/COUPLES,Premium,2971.2999999999997,1680,729,886,49343.6,0.06021652250747817,4.075857338820302
Woolworths,RETIREES,Budget,2302.1,1292,600,691,49343.6,0.046654480013618785,3.8368333333333333
Woolworths,RETIREES,Mainstream,3817.2999999999997,2173,981,1170,49343.6,0.07736160312583597,3.891233435270132
Woolworths,RETIREES,Premium,1945.7,1103,495,589,49343.6,0.039431658816948906,3.930707070707071
Woolworths,YOUNG FAMILIES,Budget,4144.5,2339,921,1206,49343.6,0.08399265558248689,4.5
Woolworths,YOUNG FAMILIES,Mainstream,2916.7,1653,654,848,49343.6,0.05910999602785366,4.459785932721712
Woolworths,YOUNG FAMILIES,Premium,2439.7,1377,543,705,49343.6,0.04944308887069448,4.493001841620626
Woolworths,YOUNG SINGLES/COUPLES,Budget,2236.1,1265,643,734,49343.6,0.045316920532754,3.4776049766718504
Woolworths,YOUNG SINGLES/COUPLES,Mainstream,1929.8,1089,526,599,49343.6,0.03910942857837693,3.6688212927756654
Woolworths,YOUNG SINGLES/COUPLES,Premium,1542.7,870,427,498,49343.6,0.03126443956257752,3.61288056206089
